ID,X,Y,Pb,Cd,Hg,Se,Cu,As,Tl,Mo,Be,Ba,Ni,Sb,Ag,Cr,Al,V,Co,B,Mn,Zn
W1,100,200,0.005,0.001,0.00005,0.005,0.01,0.0005,0.00005,0.001,0.00005,0.01,0.001,0.0001,0.001,0.005,0.01,0.005,0.0025,0.02,0.025,0.05
W2,120,220,0.007,0.002,0.00006,0.006,0.02,0.0006,0.00006,0.002,0.00006,0.02,0.002,0.0002,0.002,0.01,0.02,0.01,0.004,0.04,0.04,0.2
W3,130,210,0.009,0.004,0.00008,0.007,0.04,0.0009,0.00008,0.003,0.00007,0.03,0.005,0.0003,0.003,0.02,0.04,0.015,0.006,0.08,0.07,0.4
